{
  "origin" : {
    "x" : 830370.877058198443,
    "y" : 1741645.31480029225,
    "spatialReference" : {
      "wkid" : 102022,
      "latestWkid" : 102022
    }
  },
  "extent" : {
    "xmin" : 830370.877058198443,
    "ymin" : 391587.301812427351,
    "xmax" : 2401521.76207682909,
    "ymax" : 1741645.31480029225,
    "spatialReference" : {
      "wkid" : 102022,
      "latestWkid" : 102022
    }
  },
  "geodataXform" : {
    "spatialReference" : {
      "wkid" : 102022,
      "latestWkid" : 102022
    },
    "type" : "IdentityXform"
  },
  "LODInfos" : {
    "resolutions" : [
      9895.0656013769294,
      4947.5328006884647,
      2473.7664003442324,
      1236.8832001721162,
      618.44160008605809,
      309.22080004302904
    ],
    "levels" : [
      0,
      1,
      2,
      3,
      4,
      5
    ],
    "scales" : [
      37398598.341716133,
      18699299.170858067,
      9349649.5854290333,
      4674824.7927145166,
      2337412.3963572583,
      1168706.1981786292
    ],
    "dpi" : 96,
    "type" : "RasterLODInfos"
  },
  "blockWidth" : 256,
  "blockHeight" : 256,
  "bandCount" : 1,
  "pixelType" : 5,
  "pixelSizeX" : 309.22080004302904,
  "pixelSizeY" : 309.22080004302904,
  "format" : "Cache/LERC2D",
  "compressionType" : "LERC",
  "firstPyramidLevel" : 1,
  "maximumPyramidLevel" : 5,
  "packetSize" : 16,
  "compressionQuality" : 100000,
  "pyramidResamplingType" : 0,
  "LERCError" : 0.10000000000000001,
  "type" : "RasterInfo"
}