<?xml version="1.0" encoding="utf-8" ?><CacheInfo xsi:type='typens:CacheInfo' xmlns:xsi='http://www.w3.org/2001/XMLSchema-instance' xmlns:xs='http://www.w3.org/2001/XMLSchema' xmlns:typens='http://www.esri.com/schemas/ArcGIS/3.0.0'><TileCacheInfo xsi:type='typens:TileCacheInfo'><SpatialReference xsi:type='typens:ProjectedCoordinateSystem'><WKT>PROJCS[&quot;Africa_Albers_Equal_Area_Conic&quot;,GEOGCS[&quot;GCS_WGS_1984&quot;,DATUM[&quot;D_WGS_1984&quot;,SPHEROID[&quot;WGS_1984&quot;,6378137.0,298.257223563]],PRIMEM[&quot;Greenwich&quot;,0.0],UNIT[&quot;Degree&quot;,0.0174532925199433]],PROJECTION[&quot;Albers&quot;],PARAMETER[&quot;False_Easting&quot;,0.0],PARAMETER[&quot;False_Northing&quot;,0.0],PARAMETER[&quot;Central_Meridian&quot;,25.0],PARAMETER[&quot;Standard_Parallel_1&quot;,20.0],PARAMETER[&quot;Standard_Parallel_2&quot;,-23.0],PARAMETER[&quot;Latitude_Of_Origin&quot;,0.0],UNIT[&quot;Meter&quot;,1.0],AUTHORITY[&quot;Esri&quot;,102022]]</WKT><XOrigin>-19156800</XOrigin><YOrigin>-7626900</YOrigin><XYScale>235091436.32394215</XYScale><ZOrigin>-100000</ZOrigin><ZScale>10000</ZScale><MOrigin>-100000</MOrigin><MScale>10000</MScale><XYTolerance>0.001</XYTolerance><ZTolerance>0.001</ZTolerance><MTolerance>0.001</MTolerance><HighPrecision>true</HighPrecision><WKID>102022</WKID><LatestWKID>102022</LatestWKID></SpatialReference><TileOrigin xsi:type='typens:PointN'><X>830370.87705819844</X><Y>1741645.3148002923</Y><SpatialReference xsi:type='typens:ProjectedCoordinateSystem'><WKT>PROJCS[&quot;Africa_Albers_Equal_Area_Conic&quot;,GEOGCS[&quot;GCS_WGS_1984&quot;,DATUM[&quot;D_WGS_1984&quot;,SPHEROID[&quot;WGS_1984&quot;,6378137.0,298.257223563]],PRIMEM[&quot;Greenwich&quot;,0.0],UNIT[&quot;Degree&quot;,0.0174532925199433]],PROJECTION[&quot;Albers&quot;],PARAMETER[&quot;False_Easting&quot;,0.0],PARAMETER[&quot;False_Northing&quot;,0.0],PARAMETER[&quot;Central_Meridian&quot;,25.0],PARAMETER[&quot;Standard_Parallel_1&quot;,20.0],PARAMETER[&quot;Standard_Parallel_2&quot;,-23.0],PARAMETER[&quot;Latitude_Of_Origin&quot;,0.0],UNIT[&quot;Meter&quot;,1.0],AUTHORITY[&quot;Esri&quot;,102022]]</WKT><XOrigin>-19156800</XOrigin><YOrigin>-7626900</YOrigin><XYScale>235091436.32394215</XYScale><ZOrigin>-100000</ZOrigin><ZScale>10000</ZScale><MOrigin>-100000</MOrigin><MScale>10000</MScale><XYTolerance>0.001</XYTolerance><ZTolerance>0.001</ZTolerance><MTolerance>0.001</MTolerance><HighPrecision>true</HighPrecision><WKID>102022</WKID><LatestWKID>102022</LatestWKID></SpatialReference></TileOrigin><TileCols>256</TileCols><TileRows>256</TileRows><DPI>96</DPI><LODInfos xsi:type='typens:ArrayOfLODInfo'><LODInfo xsi:type='typens:LODInfo'><LevelID>0</LevelID><Scale>37398598.341716133</Scale><Resolution>9895.0656013769294</Resolution></LODInfo><LODInfo xsi:type='typens:LODInfo'><LevelID>1</LevelID><Scale>18699299.170858067</Scale><Resolution>4947.5328006884647</Resolution></LODInfo><LODInfo xsi:type='typens:LODInfo'><LevelID>2</LevelID><Scale>9349649.5854290333</Scale><Resolution>2473.7664003442324</Resolution></LODInfo><LODInfo xsi:type='typens:LODInfo'><LevelID>3</LevelID><Scale>4674824.7927145166</Scale><Resolution>1236.8832001721162</Resolution></LODInfo><LODInfo xsi:type='typens:LODInfo'><LevelID>4</LevelID><Scale>2337412.3963572583</Scale><Resolution>618.44160008605809</Resolution></LODInfo><LODInfo xsi:type='typens:LODInfo'><LevelID>5</LevelID><Scale>1168706.1981786292</Scale><Resolution>309.22080004302904</Resolution></LODInfo></LODInfos><PreciseDPI>96</PreciseDPI></TileCacheInfo><TileImageInfo xsi:type='typens:TileImageInfo'><CacheTileFormat>LERC2D</CacheTileFormat><CompressionQuality>0</CompressionQuality><Antialiasing>false</Antialiasing><BandCount>1</BandCount><LERCError>0.10000000000000001</LERCError></TileImageInfo><CacheStorageInfo xsi:type='typens:CacheStorageInfo'><StorageFormat>esriMapCacheStorageModeCompactV2</StorageFormat><PacketSize>16</PacketSize></CacheStorageInfo></CacheInfo>